{
  "type": "angular-heavy",
  "metrics": {
    "network": {
      "jsBundleKB": 1867.75,
      "totalTransferredKB": 1894.236328125
    },
    "performance": {
      "FCPms": 240.6,
      "FTTSms": 703.539999999851,
      "stdDev": 16.01038413020798
    },
    "memory": {
      "jsHeapUsedMB": 11.015873336791993
    }
  },
  "timestamp": "2025-12-22T18:29:05.649Z"
}