{
  "type": "angular-light",
  "metrics": {
    "network": {
      "jsBundleKB": 1834.185546875,
      "totalTransferredKB": 1849.5966796875
    },
    "performance": {
      "FCPms": 132,
      "FTTSms": 479.21000000005586,
      "stdDev": 30.286397937111946
    },
    "memory": {
      "jsHeapUsedMB": 9.035064888000488
    }
  },
  "timestamp": "2025-12-22T18:28:43.181Z"
}