{
  "type": "angular-heavy",
  "metrics": {
    "network": {
      "jsBundleKB": 1867.75,
      "totalTransferredKB": 1894.236328125
    },
    "performance": {
      "FCPms": 308.4,
      "FTTSms": 777.1099999997765,
      "stdDev": 281.4725970676883
    },
    "memory": {
      "jsHeapUsedMB": 10.991524124145508
    }
  },
  "timestamp": "2025-12-20T23:23:02.237Z"
}