{
  "type": "angular-light",
  "metrics": {
    "network": {
      "jsBundleKB": 1834.185546875,
      "totalTransferredKB": 1849.5966796875
    },
    "performance": {
      "FCPms": 189.8,
      "FTTSms": 537.410000000149,
      "stdDev": 253.69941643565642
    },
    "memory": {
      "jsHeapUsedMB": 9.030996704101563
    }
  },
  "timestamp": "2025-12-20T23:22:29.716Z"
}