{
  "type": "react-heavy",
  "metrics": {
    "network": {
      "jsBundleKB": 3382.380859375,
      "totalTransferredKB": 3384.1357421875
    },
    "performance": {
      "FCPms": 276.2,
      "FTTSms": 1105.1149999996646,
      "stdDev": 50.62355454783139
    },
    "memory": {
      "jsHeapUsedMB": 45.16064462661743
    }
  },
  "timestamp": "2025-12-20T22:47:12.188Z"
}