{
  "type": "react-heavy",
  "metrics": {
    "network": {
      "jsBundleKB": 3382.380859375,
      "totalTransferredKB": 3384.1357421875
    },
    "performance": {
      "FCPms": 169,
      "FTTSms": 1072.0700000001118,
      "stdDev": 65.22979457294801
    },
    "memory": {
      "jsHeapUsedMB": 45.12741022109985
    }
  },
  "timestamp": "2025-12-22T22:50:06.333Z"
}